{
  "npm:p5@0.5.10": {
    "brfs": "npm:brfs@^1.4.0",
    "es6-promise": "npm:es6-promise@^4.0.5",
    "fetch-jsonp": "npm:fetch-jsonp@^1.0.6",
    "opentype.js": "npm:opentype.js@^0.6.9",
    "whatwg-fetch": "npm:whatwg-fetch@^2.0.2",
    "process": "github:jspm/nodelibs-process@^0.1.0",
    "buffer": "github:jspm/nodelibs-buffer@^0.1.0"
  },
  "npm:tween.js@16.6.0": {
    "process": "github:jspm/nodelibs-process@^0.1.0"
  },
  "npm:awesomplete@1.1.1": {
    "process": "github:jspm/nodelibs-process@^0.1.0"
  },
  "npm:three@0.85.2": {
    "buffer": "github:jspm/nodelibs-buffer@^0.1.0",
    "process": "github:jspm/nodelibs-process@^0.1.0",
    "fs": "github:jspm/nodelibs-fs@^0.1.0",
    "systemjs-json": "github:systemjs/plugin-json@^0.1.0",
    "path": "github:jspm/nodelibs-path@^0.1.0"
  },
  "npm:babel-runtime@5.8.38": {
    "process": "github:jspm/nodelibs-process@^0.1.0"
  },
  "npm:typescript@2.3.4": {
    "source-map-support": "npm:source-map-support",
    "os": "github:jspm/nodelibs-os@^0.1.0",
    "crypto": "github:jspm/nodelibs-crypto@^0.1.0",
    "net": "github:jspm/nodelibs-net@^0.1.0"
  },
  "npm:whatwg-fetch@2.0.3": {},
  "npm:fetch-jsonp@1.0.7": {},
  "npm:es6-promise@4.1.0": {
    "process": "github:jspm/nodelibs-process@^0.1.0"
  },
  "npm:brfs@1.4.3": {
    "quote-stream": "npm:quote-stream@^1.0.1",
    "resolve": "npm:resolve@^1.1.5",
    "static-module": "npm:static-module@^1.1.0",
    "through2": "npm:through2@^2.0.0",
    "fs": "github:jspm/nodelibs-fs@^0.1.0",
    "path": "github:jspm/nodelibs-path@^0.1.0",
    "process": "github:jspm/nodelibs-process@^0.1.0",
    "systemjs-json": "github:systemjs/plugin-json@^0.1.0",
    "buffer": "github:jspm/nodelibs-buffer@^0.1.0"
  },
  "npm:source-map-support@0.4.15": {
    "source-map": "npm:source-map@^0.5.6",
    "buffer": "github:jspm/nodelibs-buffer@^0.1.0",
    "process": "github:jspm/nodelibs-process@^0.1.0",
    "fs": "github:jspm/nodelibs-fs@^0.1.0",
    "path": "github:jspm/nodelibs-path@^0.1.0",
    "querystring": "github:jspm/nodelibs-querystring@^0.1.0",
    "child_process": "github:jspm/nodelibs-child_process@^0.1.0",
    "module": "github:jspm/nodelibs-module@^0.1.0",
    "assert": "github:jspm/nodelibs-assert@^0.1.0"
  },
  "npm:opentype.js@0.6.9": {
    "tiny-inflate": "npm:tiny-inflate@^1.0.2",
    "http": "github:jspm/nodelibs-http@^1.7.0",
    "path": "github:jspm/nodelibs-path@^0.1.0",
    "buffer": "github:jspm/nodelibs-buffer@^0.1.0"
  },
  "npm:static-module@1.3.2": {
    "concat-stream": "npm:concat-stream@~1.6.0",
    "duplexer2": "npm:duplexer2@~0.0.2",
    "escodegen": "npm:escodegen@~1.3.2",
    "falafel": "npm:falafel@^1.0.0",
    "has": "npm:has@^1.0.0",
    "object-inspect": "npm:object-inspect@~0.4.0",
    "quote-stream": "npm:quote-stream@~0.0.0",
    "readable-stream": "npm:readable-stream@~1.0.27-1",
    "shallow-copy": "npm:shallow-copy@~0.0.1",
    "static-eval": "npm:static-eval@~0.2.0",
    "through2": "npm:through2@~0.4.1",
    "fs": "github:jspm/nodelibs-fs@^0.1.0",
    "path": "github:jspm/nodelibs-path@^0.1.0"
  },
  "npm:resolve@1.3.3": {
    "path-parse": "npm:path-parse@^1.0.5",
    "fs": "github:jspm/nodelibs-fs@^0.1.0",
    "path": "github:jspm/nodelibs-path@^0.1.0",
    "process": "github:jspm/nodelibs-process@^0.1.0",
    "systemjs-json": "github:systemjs/plugin-json@^0.1.0"
  },
  "npm:quote-stream@1.0.2": {
    "buffer-equal": "npm:buffer-equal@0.0.1",
    "minimist": "npm:minimist@^1.1.3",
    "through2": "npm:through2@^2.0.0",
    "fs": "github:jspm/nodelibs-fs@^0.1.0",
    "process": "github:jspm/nodelibs-process@^0.1.0",
    "buffer": "github:jspm/nodelibs-buffer@^0.1.0"
  },
  "npm:through2@2.0.3": {
    "readable-stream": "npm:readable-stream@^2.1.5",
    "xtend": "npm:xtend@~4.0.1",
    "util": "github:jspm/nodelibs-util@^0.1.0",
    "process": "github:jspm/nodelibs-process@^0.1.0"
  },
  "npm:tiny-inflate@1.0.2": {
    "buffer": "github:jspm/nodelibs-buffer@^0.1.0"
  },
  "npm:source-map@0.5.6": {
    "process": "github:jspm/nodelibs-process@^0.1.0"
  },
  "npm:quote-stream@0.0.0": {
    "through2": "npm:through2@~0.4.1",
    "minimist": "npm:minimist@0.0.8",
    "fs": "github:jspm/nodelibs-fs@^0.1.0",
    "process": "github:jspm/nodelibs-process@^0.1.0",
    "buffer": "github:jspm/nodelibs-buffer@^0.1.0"
  },
  "npm:through2@0.4.2": {
    "readable-stream": "npm:readable-stream@~1.0.17",
    "xtend": "npm:xtend@~2.1.1",
    "util": "github:jspm/nodelibs-util@^0.1.0"
  },
  "npm:duplexer2@0.0.2": {
    "readable-stream": "npm:readable-stream@~1.1.9"
  },
  "npm:readable-stream@1.0.34": {
    "core-util-is": "npm:core-util-is@~1.0.0",
    "isarray": "npm:isarray@0.0.1",
    "string_decoder": "npm:string_decoder@~0.10.0",
    "inherits": "npm:inherits@~2.0.1",
    "stream-browserify": "npm:stream-browserify@~1.0.0",
    "process": "github:jspm/nodelibs-process@^0.1.0",
    "buffer": "github:jspm/nodelibs-buffer@^0.1.0",
    "events": "github:jspm/nodelibs-events@^0.1.1"
  },
  "npm:readable-stream@2.2.9": {
    "buffer-shims": "npm:buffer-shims@~1.0.0",
    "core-util-is": "npm:core-util-is@~1.0.0",
    "isarray": "npm:isarray@~1.0.0",
    "inherits": "npm:inherits@~2.0.1",
    "process-nextick-args": "npm:process-nextick-args@~1.0.6",
    "string_decoder": "npm:string_decoder@~1.0.0",
    "util-deprecate": "npm:util-deprecate@~1.0.1",
    "process": "github:jspm/nodelibs-process@^0.1.0",
    "events": "github:jspm/nodelibs-events@^0.1.1",
    "buffer": "github:jspm/nodelibs-buffer@^0.1.0",
    "stream": "github:jspm/nodelibs-stream@^0.1.0"
  },
  "npm:has@1.0.1": {
    "function-bind": "npm:function-bind@^1.0.2"
  },
  "npm:buffer-equal@0.0.1": {
    "buffer": "github:jspm/nodelibs-buffer@^0.1.0"
  },
  "npm:shallow-copy@0.0.1": {},
  "npm:xtend@4.0.1": {},
  "npm:xtend@2.1.2": {
    "object-keys": "npm:object-keys@~0.4.0"
  },
  "npm:concat-stream@1.6.0": {
    "inherits": "npm:inherits@^2.0.3",
    "typedarray": "npm:typedarray@^0.0.6",
    "readable-stream": "npm:readable-stream@^2.2.2",
    "buffer": "github:jspm/nodelibs-buffer@^0.1.0"
  },
  "npm:static-eval@0.2.4": {
    "escodegen": "npm:escodegen@~0.0.24"
  },
  "npm:path-parse@1.0.5": {
    "process": "github:jspm/nodelibs-process@^0.1.0",
    "assert": "github:jspm/nodelibs-assert@^0.1.0"
  },
  "npm:minimist@0.0.8": {},
  "npm:falafel@1.2.0": {
    "acorn": "npm:acorn@^1.0.3",
    "foreach": "npm:foreach@^2.0.5",
    "isarray": "npm:isarray@0.0.1",
    "object-keys": "npm:object-keys@^1.0.6",
    "buffer": "github:jspm/nodelibs-buffer@^0.1.0"
  },
  "npm:object-inspect@0.4.0": {},
  "npm:minimist@1.2.0": {},
  "npm:readable-stream@1.1.14": {
    "core-util-is": "npm:core-util-is@~1.0.0",
    "inherits": "npm:inherits@~2.0.1",
    "isarray": "npm:isarray@0.0.1",
    "string_decoder": "npm:string_decoder@~0.10.0",
    "stream-browserify": "npm:stream-browserify@^1.0.0",
    "process": "github:jspm/nodelibs-process@^0.1.0",
    "buffer": "github:jspm/nodelibs-buffer@^0.1.0",
    "events": "github:jspm/nodelibs-events@^0.1.1"
  },
  "npm:escodegen@1.3.3": {
    "esutils": "npm:esutils@~1.0.0",
    "estraverse": "npm:estraverse@~1.5.0",
    "esprima": "npm:esprima@~1.1.1",
    "source-map": "npm:source-map@~0.1.33",
    "fs": "github:jspm/nodelibs-fs@^0.1.0",
    "path": "github:jspm/nodelibs-path@^0.1.0",
    "process": "github:jspm/nodelibs-process@^0.1.0",
    "systemjs-json": "github:systemjs/plugin-json@^0.1.0"
  },
  "npm:escodegen@0.0.28": {
    "esprima": "npm:esprima@~1.0.2",
    "estraverse": "npm:estraverse@~1.3.0",
    "source-map": "npm:source-map",
    "fs": "github:jspm/nodelibs-fs@^0.1.0",
    "path": "github:jspm/nodelibs-path@^0.1.0",
    "process": "github:jspm/nodelibs-process@^0.1.0",
    "systemjs-json": "github:systemjs/plugin-json@^0.1.0"
  },
  "npm:object-keys@0.4.0": {},
  "npm:object-keys@1.0.11": {},
  "npm:foreach@2.0.5": {},
  "npm:isarray@0.0.1": {},
  "npm:isarray@1.0.0": {},
  "npm:core-util-is@1.0.2": {
    "buffer": "github:jspm/nodelibs-buffer@^0.1.0"
  },
  "npm:string_decoder@0.10.31": {
    "buffer": "github:jspm/nodelibs-buffer@^0.1.0"
  },
  "npm:string_decoder@1.0.1": {
    "safe-buffer": "npm:safe-buffer@^5.0.1",
    "buffer": "github:jspm/nodelibs-buffer@^0.1.0"
  },
  "npm:process-nextick-args@1.0.7": {
    "process": "github:jspm/nodelibs-process@^0.1.0"
  },
  "npm:stream-browserify@1.0.0": {
    "inherits": "npm:inherits@~2.0.1",
    "readable-stream": "npm:readable-stream@^1.0.27-1",
    "events": "github:jspm/nodelibs-events@^0.1.1"
  },
  "npm:acorn@1.2.2": {
    "fs": "github:jspm/nodelibs-fs@^0.1.0",
    "path": "github:jspm/nodelibs-path@^0.1.0",
    "stream": "github:jspm/nodelibs-stream@^0.1.0",
    "process": "github:jspm/nodelibs-process@^0.1.0"
  },
  "npm:buffer-shims@1.0.0": {
    "buffer": "github:jspm/nodelibs-buffer@^0.1.0"
  },
  "npm:function-bind@1.1.0": {},
  "npm:inherits@2.0.3": {
    "util": "github:jspm/nodelibs-util@^0.1.0"
  },
  "npm:util-deprecate@1.0.2": {
    "util": "github:jspm/nodelibs-util@^0.1.0"
  },
  "npm:typedarray@0.0.6": {},
  "npm:source-map@0.1.43": {
    "amdefine": "npm:amdefine",
    "process": "github:jspm/nodelibs-process@^0.1.0",
    "path": "github:jspm/nodelibs-path@^0.1.0",
    "fs": "github:jspm/nodelibs-fs@^0.1.0"
  },
  "npm:safe-buffer@5.0.1": {
    "buffer": "github:jspm/nodelibs-buffer@^0.1.0"
  },
  "npm:esprima@1.1.1": {
    "fs": "github:jspm/nodelibs-fs@^0.1.0",
    "process": "github:jspm/nodelibs-process@^0.1.0"
  },
  "npm:esprima@1.0.4": {
    "fs": "github:jspm/nodelibs-fs@^0.1.0",
    "process": "github:jspm/nodelibs-process@^0.1.0"
  },
  "npm:esutils@1.0.0": {},
  "npm:estraverse@1.5.1": {},
  "npm:estraverse@1.3.2": {},
  "npm:amdefine@1.0.1": {
    "path": "github:jspm/nodelibs-path@^0.1.0",
    "process": "github:jspm/nodelibs-process@^0.1.0",
    "module": "github:jspm/nodelibs-module@^0.1.0",
    "fs": "github:jspm/nodelibs-fs@^0.1.0"
  },
  "npm:path-browserify@0.0.0": {
    "process": "github:jspm/nodelibs-process@^0.1.0"
  },
  "github:jspm/nodelibs-module@0.1.0": {},
  "github:jspm/nodelibs-process@0.1.2": {
    "process": "npm:process@^0.11.0"
  },
  "npm:assert@1.4.1": {
    "util": "npm:util@0.10.3",
    "buffer": "github:jspm/nodelibs-buffer@^0.1.0",
    "assert": "github:jspm/nodelibs-assert@^0.1.0",
    "process": "github:jspm/nodelibs-process@^0.1.0"
  },
  "github:jspm/nodelibs-assert@0.1.0": {
    "assert": "npm:assert@^1.3.0"
  },
  "github:jspm/nodelibs-fs@0.1.2": {},
  "npm:os-browserify@0.1.2": {
    "os": "github:jspm/nodelibs-os@^0.1.0"
  },
  "npm:Base64@0.2.1": {},
  "github:jspm/nodelibs-buffer@0.1.1": {
    "buffer": "npm:buffer@^5.0.6"
  },
  "github:jspm/nodelibs-os@0.1.0": {
    "os-browserify": "npm:os-browserify@^0.1.2"
  },
  "github:jspm/nodelibs-child_process@0.1.0": {},
  "npm:process@0.11.10": {
    "assert": "github:jspm/nodelibs-assert@^0.1.0",
    "vm": "github:jspm/nodelibs-vm@^0.1.0",
    "fs": "github:jspm/nodelibs-fs@^0.1.0"
  },
  "github:jspm/nodelibs-crypto@0.1.0": {
    "crypto-browserify": "npm:crypto-browserify@^3.7.2"
  },
  "github:jspm/nodelibs-path@0.1.0": {
    "path-browserify": "npm:path-browserify@0.0.0"
  },
  "github:jspm/nodelibs-stream@0.1.0": {
    "stream-browserify": "npm:stream-browserify@^1.0.0"
  },
  "github:jspm/nodelibs-util@0.1.0": {
    "util": "npm:util@^0.10.3"
  },
  "github:jspm/nodelibs-querystring@0.1.0": {
    "querystring": "npm:querystring@^0.2.0"
  },
  "github:jspm/nodelibs-events@0.1.1": {
    "events": "npm:events@1.0.2"
  },
  "github:systemjs/plugin-json@0.1.2": {},
  "github:jspm/nodelibs-net@0.1.2": {
    "net": "github:jspm/nodelibs-net@^0.1.0",
    "crypto": "github:jspm/nodelibs-crypto@^0.1.0",
    "stream": "github:jspm/nodelibs-stream@^0.1.0",
    "util": "github:jspm/nodelibs-util@^0.1.0",
    "timers": "github:jspm/nodelibs-timers@^0.1.0",
    "http": "github:jspm/nodelibs-http@^1.7.0",
    "buffer": "github:jspm/nodelibs-buffer@^0.1.0",
    "process": "github:jspm/nodelibs-process@^0.1.0"
  },
  "npm:create-hmac@1.1.6": {
    "cipher-base": "npm:cipher-base@^1.0.3",
    "create-hash": "npm:create-hash@^1.1.0",
    "inherits": "npm:inherits@^2.0.1",
    "ripemd160": "npm:ripemd160@^2.0.0",
    "safe-buffer": "npm:safe-buffer@^5.0.1",
    "sha.js": "npm:sha.js@^2.4.8",
    "buffer": "github:jspm/nodelibs-buffer@^0.1.0",
    "crypto": "github:jspm/nodelibs-crypto@^0.1.0"
  },
  "npm:evp_bytestokey@1.0.0": {
    "create-hash": "npm:create-hash@^1.1.1",
    "crypto": "github:jspm/nodelibs-crypto@^0.1.0",
    "buffer": "github:jspm/nodelibs-buffer@^0.1.0"
  },
  "npm:browserify-cipher@1.0.0": {
    "browserify-aes": "npm:browserify-aes@^1.0.4",
    "browserify-des": "npm:browserify-des@^1.0.0",
    "evp_bytestokey": "npm:evp_bytestokey@^1.0.0",
    "crypto": "github:jspm/nodelibs-crypto@^0.1.0",
    "buffer": "github:jspm/nodelibs-buffer@^0.1.0"
  },
  "npm:inherits@2.0.1": {
    "util": "github:jspm/nodelibs-util@^0.1.0"
  },
  "npm:create-ecdh@4.0.0": {
    "bn.js": "npm:bn.js@^4.1.0",
    "elliptic": "npm:elliptic@^6.0.0",
    "buffer": "github:jspm/nodelibs-buffer@^0.1.0",
    "crypto": "github:jspm/nodelibs-crypto@^0.1.0"
  },
  "npm:randombytes@2.0.3": {
    "buffer": "github:jspm/nodelibs-buffer@^0.1.0",
    "process": "github:jspm/nodelibs-process@^0.1.0",
    "crypto": "github:jspm/nodelibs-crypto@^0.1.0"
  },
  "npm:browserify-rsa@4.0.1": {
    "bn.js": "npm:bn.js@^4.1.0",
    "randombytes": "npm:randombytes@^2.0.1",
    "crypto": "github:jspm/nodelibs-crypto@^0.1.0",
    "constants": "github:jspm/nodelibs-constants@^0.1.0",
    "buffer": "github:jspm/nodelibs-buffer@^0.1.0"
  },
  "npm:cipher-base@1.0.3": {
    "inherits": "npm:inherits@^2.0.1",
    "buffer": "github:jspm/nodelibs-buffer@^0.1.0",
    "stream": "github:jspm/nodelibs-stream@^0.1.0",
    "string_decoder": "github:jspm/nodelibs-string_decoder@^0.1.0"
  },
  "npm:browserify-des@1.0.0": {
    "cipher-base": "npm:cipher-base@^1.0.1",
    "des.js": "npm:des.js@^1.0.0",
    "inherits": "npm:inherits@^2.0.1",
    "crypto": "github:jspm/nodelibs-crypto@^0.1.0",
    "buffer": "github:jspm/nodelibs-buffer@^0.1.0"
  },
  "npm:ieee754@1.1.8": {},
  "npm:ripemd160@2.0.1": {
    "hash-base": "npm:hash-base@^2.0.0",
    "inherits": "npm:inherits@^2.0.1",
    "buffer": "github:jspm/nodelibs-buffer@^0.1.0"
  },
  "npm:create-hash@1.1.3": {
    "cipher-base": "npm:cipher-base@^1.0.1",
    "inherits": "npm:inherits@^2.0.1",
    "ripemd160": "npm:ripemd160@^2.0.0",
    "sha.js": "npm:sha.js@^2.4.0",
    "buffer": "github:jspm/nodelibs-buffer@^0.1.0",
    "crypto": "github:jspm/nodelibs-crypto@^0.1.0"
  },
  "github:jspm/nodelibs-http@1.7.1": {
    "Base64": "npm:Base64@~0.2.0",
    "inherits": "npm:inherits@~2.0.1",
    "stream": "github:jspm/nodelibs-stream@^0.1.0",
    "util": "github:jspm/nodelibs-util@^0.1.0",
    "events": "github:jspm/nodelibs-events@^0.1.1",
    "url": "github:jspm/nodelibs-url@^0.1.0"
  },
  "npm:base64-js@1.2.0": {},
  "npm:hash-base@2.0.2": {
    "inherits": "npm:inherits@^2.0.1",
    "stream": "github:jspm/nodelibs-stream@^0.1.0",
    "buffer": "github:jspm/nodelibs-buffer@^0.1.0"
  },
  "npm:minimalistic-assert@1.0.0": {},
  "npm:diffie-hellman@5.0.2": {
    "bn.js": "npm:bn.js@^4.1.0",
    "miller-rabin": "npm:miller-rabin@^4.0.0",
    "randombytes": "npm:randombytes@^2.0.0",
    "systemjs-json": "github:systemjs/plugin-json@^0.1.0",
    "buffer": "github:jspm/nodelibs-buffer@^0.1.0",
    "crypto": "github:jspm/nodelibs-crypto@^0.1.0"
  },
  "npm:miller-rabin@4.0.0": {
    "bn.js": "npm:bn.js@^4.0.0",
    "brorand": "npm:brorand@^1.0.1"
  },
  "npm:browserify-sign@4.0.4": {
    "bn.js": "npm:bn.js@^4.1.1",
    "browserify-rsa": "npm:browserify-rsa@^4.0.0",
    "create-hash": "npm:create-hash@^1.1.0",
    "create-hmac": "npm:create-hmac@^1.1.2",
    "elliptic": "npm:elliptic@^6.0.0",
    "inherits": "npm:inherits@^2.0.1",
    "parse-asn1": "npm:parse-asn1@^5.0.0",
    "systemjs-json": "github:systemjs/plugin-json@^0.1.0",
    "buffer": "github:jspm/nodelibs-buffer@^0.1.0",
    "stream": "github:jspm/nodelibs-stream@^0.1.0",
    "crypto": "github:jspm/nodelibs-crypto@^0.1.0"
  },
  "npm:pbkdf2@3.0.12": {
    "create-hash": "npm:create-hash@^1.1.2",
    "create-hmac": "npm:create-hmac@^1.1.4",
    "ripemd160": "npm:ripemd160@^2.0.1",
    "safe-buffer": "npm:safe-buffer@^5.0.1",
    "sha.js": "npm:sha.js@^2.4.8",
    "buffer": "github:jspm/nodelibs-buffer@^0.1.0",
    "process": "github:jspm/nodelibs-process@^0.1.0",
    "crypto": "github:jspm/nodelibs-crypto@^0.1.0"
  },
  "npm:brorand@1.1.0": {},
  "npm:minimalistic-crypto-utils@1.0.1": {},
  "npm:hmac-drbg@1.0.1": {
    "hash.js": "npm:hash.js@^1.0.3",
    "minimalistic-assert": "npm:minimalistic-assert@^1.0.0",
    "minimalistic-crypto-utils": "npm:minimalistic-crypto-utils@^1.0.1",
    "systemjs-json": "github:systemjs/plugin-json@^0.1.0"
  },
  "npm:querystring@0.2.0": {},
  "npm:buffer-xor@1.0.3": {
    "buffer": "github:jspm/nodelibs-buffer@^0.1.0",
    "systemjs-json": "github:systemjs/plugin-json@^0.1.0"
  },
  "npm:util@0.10.3": {
    "inherits": "npm:inherits@2.0.1",
    "process": "github:jspm/nodelibs-process@^0.1.0"
  },
  "npm:crypto-browserify@3.11.0": {
    "browserify-cipher": "npm:browserify-cipher@^1.0.0",
    "browserify-sign": "npm:browserify-sign@^4.0.0",
    "create-ecdh": "npm:create-ecdh@^4.0.0",
    "create-hash": "npm:create-hash@^1.1.0",
    "create-hmac": "npm:create-hmac@^1.1.0",
    "diffie-hellman": "npm:diffie-hellman@^5.0.0",
    "inherits": "npm:inherits@^2.0.1",
    "pbkdf2": "npm:pbkdf2@^3.0.3",
    "public-encrypt": "npm:public-encrypt@^4.0.0",
    "randombytes": "npm:randombytes@^2.0.0"
  },
  "npm:bn.js@4.11.6": {
    "buffer": "github:jspm/nodelibs-buffer@^0.1.0"
  },
  "npm:sha.js@2.4.8": {
    "inherits": "npm:inherits@^2.0.1",
    "fs": "github:jspm/nodelibs-fs@^0.1.0",
    "process": "github:jspm/nodelibs-process@^0.1.0",
    "buffer": "github:jspm/nodelibs-buffer@^0.1.0"
  },
  "npm:des.js@1.0.0": {
    "inherits": "npm:inherits@^2.0.1",
    "minimalistic-assert": "npm:minimalistic-assert@^1.0.0",
    "buffer": "github:jspm/nodelibs-buffer@^0.1.0"
  },
  "npm:hash.js@1.0.3": {
    "inherits": "npm:inherits@^2.0.1"
  },
  "npm:elliptic@6.4.0": {
    "bn.js": "npm:bn.js@^4.4.0",
    "brorand": "npm:brorand@^1.0.1",
    "hash.js": "npm:hash.js@^1.0.0",
    "hmac-drbg": "npm:hmac-drbg@^1.0.0",
    "inherits": "npm:inherits@^2.0.1",
    "minimalistic-assert": "npm:minimalistic-assert@^1.0.0",
    "minimalistic-crypto-utils": "npm:minimalistic-crypto-utils@^1.0.0",
    "systemjs-json": "github:systemjs/plugin-json@^0.1.0"
  },
  "github:jspm/nodelibs-vm@0.1.0": {
    "vm-browserify": "npm:vm-browserify@0.0.4"
  },
  "npm:browserify-aes@1.0.6": {
    "buffer-xor": "npm:buffer-xor@^1.0.2",
    "cipher-base": "npm:cipher-base@^1.0.0",
    "create-hash": "npm:create-hash@^1.1.0",
    "evp_bytestokey": "npm:evp_bytestokey@^1.0.0",
    "inherits": "npm:inherits@^2.0.1",
    "buffer": "github:jspm/nodelibs-buffer@^0.1.0",
    "systemjs-json": "github:systemjs/plugin-json@^0.1.0",
    "crypto": "github:jspm/nodelibs-crypto@^0.1.0",
    "fs": "github:jspm/nodelibs-fs@^0.1.0"
  },
  "npm:asn1.js@4.9.1": {
    "bn.js": "npm:bn.js@^4.0.0",
    "inherits": "npm:inherits@^2.0.1",
    "minimalistic-assert": "npm:minimalistic-assert@^1.0.0",
    "vm": "github:jspm/nodelibs-vm@^0.1.0",
    "buffer": "github:jspm/nodelibs-buffer@^0.1.0"
  },
  "github:jspm/nodelibs-timers@0.1.0": {
    "timers-browserify": "npm:timers-browserify@^1.1.0"
  },
  "npm:public-encrypt@4.0.0": {
    "bn.js": "npm:bn.js@^4.1.0",
    "browserify-rsa": "npm:browserify-rsa@^4.0.0",
    "create-hash": "npm:create-hash@^1.1.0",
    "parse-asn1": "npm:parse-asn1@^5.0.0",
    "randombytes": "npm:randombytes@^2.0.1",
    "buffer": "github:jspm/nodelibs-buffer@^0.1.0",
    "crypto": "github:jspm/nodelibs-crypto@^0.1.0"
  },
  "npm:events@1.0.2": {},
  "npm:constants-browserify@0.0.1": {
    "systemjs-json": "github:systemjs/plugin-json@^0.1.0"
  },
  "npm:indexof@0.0.1": {},
  "github:jspm/nodelibs-constants@0.1.0": {
    "constants-browserify": "npm:constants-browserify@0.0.1"
  },
  "npm:vm-browserify@0.0.4": {
    "indexof": "npm:indexof@0.0.1"
  },
  "github:jspm/nodelibs-string_decoder@0.1.0": {
    "string_decoder": "npm:string_decoder@^0.10.31"
  },
  "github:jspm/nodelibs-url@0.1.0": {
    "url": "npm:url@^0.10.1"
  },
  "npm:buffer@5.0.6": {
    "base64-js": "npm:base64-js@^1.0.2",
    "ieee754": "npm:ieee754@^1.1.4"
  },
  "npm:url@0.10.3": {
    "punycode": "npm:punycode@1.3.2",
    "querystring": "npm:querystring@0.2.0",
    "assert": "github:jspm/nodelibs-assert@^0.1.0",
    "util": "github:jspm/nodelibs-util@^0.1.0"
  },
  "npm:parse-asn1@5.1.0": {
    "asn1.js": "npm:asn1.js@^4.0.0",
    "browserify-aes": "npm:browserify-aes@^1.0.0",
    "create-hash": "npm:create-hash@^1.1.0",
    "evp_bytestokey": "npm:evp_bytestokey@^1.0.0",
    "pbkdf2": "npm:pbkdf2@^3.0.3",
    "buffer": "github:jspm/nodelibs-buffer@^0.1.0",
    "systemjs-json": "github:systemjs/plugin-json@^0.1.0"
  },
  "npm:timers-browserify@1.4.2": {
    "process": "npm:process@~0.11.0"
  },
  "npm:punycode@1.3.2": {
    "process": "github:jspm/nodelibs-process@^0.1.0"
  },
  "github:frankwallis/plugin-typescript@7.0.6": {}
}